-- TABLA MESA
INSERT INTO mesa (num_mesa, capacidad, ubicacion, estado_mesa, created_at) VALUES
(1, 4, 'Interior', 'Disponible', '2025-11-01 12:00'),
(2, 6, 'Terraza', 'Ocupada', '2025-10-24 12:05'),
(3, 2, 'Interior', 'Disponible', '2025-10-10 12:10'),
(4, 4, 'Terraza', 'Fuera de Servicio', '2025-10-28 12:15'),
(5, 6, 'Interior', 'Disponible', '2025-10-15 12:20'),
(6, 4, 'Terraza', 'Ocupada', '2025-11-01 12:25'),
(7, 2, 'Interior', 'Disponible', '2025-11-04 12:30'),
(8, 4, 'Terraza', 'Disponible', '2025-11-08 12:35'),
(9, 6, 'Interior', 'Ocupada', '2025-11-21 12:40'),
(10, 2, 'Terraza', 'Disponible', '2025-11-11 12:45'),
(11, 4, 'Interior', 'Fuera de Servicio', '2025-10-28 12:50'),
(12, 6, 'Terraza', 'Disponible', '2025-10-28 12:55'),
(13, 2, 'Interior', 'Ocupada', '2025-10-29 13:00'),
(14, 4, 'Terraza', 'Disponible', '2025-10-30 13:05'),
(15, 6, 'Interior', 'Disponible', '2025-11-02 13:10'),
(16, 2, 'Terraza', 'Ocupada', '2025-11-02 13:15'),
(17, 4, 'Interior', 'Disponible', '2025-11-08 13:20'),
(18, 6, 'Terraza', 'Fuera de Servicio', '2025-10-01 13:25'),
(19, 2, 'Interior', 'Disponible', '2025-10-01 13:30'),
(20, 4, 'Terraza', 'Ocupada', '2025-11-09 13:35'),
(21, 6, 'Interior', 'Disponible', '2025-11-15 13:40'),
(22, 2, 'Terraza', 'Disponible', '2025-11-16 13:45'),
(23, 4, 'Interior', 'Ocupada', '2025-11-15 13:50'),
(24, 6, 'Terraza', 'Disponible', '2025-11-21 13:55'),
(25, 2, 'Interior', 'Fuera de Servicio', '2025-11-15 14:00'),
(26, 4, 'Terraza', 'Disponible', '2025-11-11 14:05'),
(27, 6, 'Interior', 'Ocupada', '2025-10-29 14:10'),
(28, 2, 'Terraza', 'Disponible', '2025-10-30 14:15'),
(29, 4, 'Interior', 'Disponible', '2025-10-31 14:20'),
(30, 6, 'Terraza', 'Ocupada', '2025-10-31 14:25');

--TABLA EMPLEADO
INSERT INTO empleado (nombre_empleado, puesto, created_at) VALUES
('Sofía Herrera', 'Gerente', '2025-10-05 12:00'),
('Carlos Ruiz', 'Cocinero', '2025-10-02 09:00'),
('Jorge Salas', 'Cocinero', '2025-10-07 09:00'),
('Claudia Peña', 'Cocinero', '2025-11-02 09:00'),
('Iván Paredes', 'Cocinero', '2025-11-07 09:00'),
('Verónica Silva', 'Cocinero', '2025-12-02 09:00'),
('Laura Gómez', 'Mesero', '2025-10-01 08:00'),
('Daniela Ríos', 'Mesero', '2025-10-06 08:00'),
('Patricia Lara', 'Mesero', '2025-11-06 08:00'),
('Héctor Molina', 'Mesero', '2025-12-01 08:00'),
('Cecilia Rojas', 'Mesero', '2025-12-06 08:00'),
('Raúl Díaz', 'Mesero', '2025-11-01 08:00'),
('Gustavo Torres', 'Mesero', '2025-12-07 09:00'),
('Iván Paredes', 'Mesero', '2025-11-07 09:00'),
('Luis Martínez', 'Cajero', '2025-10-04 11:00'),
('Pedro León', 'Cajero', '2025-10-09 11:00'),
('Natalia Cruz', 'Cajero', '2025-11-04 11:00'),
('Ana Torres', 'Recepcionista', '2025-10-03 10:00'),
('Mónica Vega', 'Recepcionista', '2025-10-08 10:00'),
('Esteban Gil', 'Recepcionista', '2025-11-03 10:00');

--TABLA CLIENTE
INSERT INTO cliente (nombre_cliente, correo, telefono, created_at) VALUES
('María López', 'maria.lopez@gmail.com', '7555-1234', '2025-10-01 10:00'),
('José Pérez', 'jose.perez@hotmail.com', '6555-5678', '2025-10-02 10:05'),
('Lucía Ramírez', 'lucia.ramirez@yahoo.com', '7555-9012', '2025-10-03 10:10'),
('Andrés Gómez', 'andres.gomez@outlook.com', '2555-3456', '2025-10-04 10:15'),
('Valentina Díaz', 'valentina.diaz@gmail.com', '2555-7890', '2025-10-05 10:20'),
('Miguel Torres', 'miguel.torres@gmail.com', '7555-1111', '2025-10-06 10:25'),
('Camila Herrera', 'camila.herrera@hotmail.com', '6555-2222', '2025-10-07 10:30'),
('Sebastián Ríos', 'sebastian.rios@yahoo.com', '7555-3333', '2025-10-08 10:35'),
('Daniela Vega', 'daniela.vega@outlook.com', '6555-4444', '2025-10-09 10:40'),
('Javier León', 'javier.leon@gmail.com', '7555-5555', '2025-10-10 10:45'),
('Isabel Mora', 'isabel.mora@gmail.com', '6555-6666', '2025-11-01 10:00'),
('Raúl Díaz', 'raul.diaz@hotmail.com', '7555-7777', '2025-11-02 10:05'),
('Claudia Peña', 'claudia.pena@yahoo.com', '7555-8888', '2025-11-03 10:10'),
('Esteban Gil', 'esteban.gil@outlook.com', '6555-9999', '2025-11-04 10:15'),
('Natalia Cruz', 'natalia.cruz@gmail.com', '6555-0000', '2025-11-05 10:20'),
('Fernando Soto', 'fernando.soto@gmail.com', '2555-1212', '2025-11-06 10:25'),
('Patricia Lara', 'patricia.lara@hotmail.com', '2555-2323', '2025-11-07 10:30'),
('Iván Paredes', 'ivan.paredes@yahoo.com', '3555-3434', '2025-11-08 10:35'),
('Rocío Méndez', 'rocio.mendez@outlook.com', '7555-4545', '2025-11-09 10:40'),
('Tomás Bravo', 'tomas.bravo@gmail.com', '6555-5656', '2025-11-10 10:45'),
('Gabriela Ortiz', 'gabriela.ortiz@gmail.com', '7555-6767', '2025-12-01 10:00'),
('Héctor Molina', 'hector.molina@hotmail.com', '2555-7878', '2025-12-02 10:05'),
('Verónica Silva', 'veronica.silva@yahoo.com', '6555-8989', '2025-12-03 10:10'),
('Diego Navarro', 'diego.navarro@outlook.com', '2555-9090', '2025-12-04 10:15'),
('Mariela Fuentes', 'mariela.fuentes@gmail.com', '6555-1010', '2025-12-05 10:20'),
('Andrés Pino', 'andres.pino@gmail.com', '2555-2020', '2025-12-06 10:25'),
('Cecilia Rojas', 'cecilia.rojas@hotmail.com', '2555-3030', '2025-12-07 10:30'),
('Gustavo Torres', 'gustavo.torres@yahoo.com', '2555-4040', '2025-12-08 10:35'),
('Liliana Vargas', 'liliana.vargas@outlook.com', '6555-5050', '2025-12-09 10:40'),
('Samuel Reyes', 'samuel.reyes@gmail.com', '7555-6060', '2025-12-10 10:45');

--TABLA PRODUCTO
INSERT INTO producto (nombre_producto, descripcion, precio, categoria, activo, created_at) VALUES
('Hamburguesa Clásica', 'Carne, queso, lechuga y tomate', 8.50, 'Comida', TRUE, '2025-10-01'),
('Pizza Margarita', 'Tomate, mozzarella y albahaca', 9.75, 'Comida', TRUE, '2025-10-02'),
('Coca-Cola 500ml', 'Bebida gaseosa', 2.50, 'Bebida', TRUE, '2025-10-03'),
('Ensalada César', 'Lechuga, pollo, crutones y aderezo', 7.25, 'Comida', TRUE, '2025-10-04'),
('Agua Mineral', 'Botella 600ml sin gas', 1.75, 'Bebida', TRUE, '2025-10-05'),
('Tacos al Pastor', 'Tortilla, cerdo marinado, piña', 6.50, 'Comida', TRUE, '2025-10-06'),
('Jugo de Naranja', 'Natural, sin azúcar', 3.00, 'Bebida', TRUE, '2025-10-07'),
('Sopa de Verduras', 'Caldo con vegetales frescos', 5.25, 'Comida', TRUE, '2025-10-08'),
('Café Americano', 'Taza mediana', 2.00, 'Bebida', TRUE, '2025-10-09'),
('Panqueques', 'Con miel y mantequilla', 4.50, 'Comida', TRUE, '2025-10-10'),
('Lasaña', 'Carne, pasta, queso', 9.00, 'Comida', TRUE, '2025-11-01'),
('Té Helado', 'Con limón', 2.25, 'Bebida', TRUE, '2025-11-02'),
('Croissant', 'Relleno de chocolate', 3.75, 'Comida', TRUE, '2025-11-03'),
('Refresco de Manzana', 'Botella 500ml', 2.50, 'Bebida', TRUE, '2025-11-04'),
('Sándwich de Pollo', 'Con lechuga y mayonesa', 6.00, 'Comida', TRUE, '2025-11-05'),
('Smoothie de Fresa', 'Con yogurt natural', 4.25, 'Bebida', TRUE, '2025-11-06'),
('Empanada de Queso', 'Horneada', 3.00, 'Comida', TRUE, '2025-11-07'),
('Limonada', 'Natural, con hielo', 2.75, 'Bebida', TRUE, '2025-11-08'),
('Pizza Pepperoni', 'Con extra queso', 10.00, 'Comida', TRUE, '2025-11-09'),
('Agua con Gas', 'Botella 500ml', 1.90, 'Bebida', TRUE, '2025-11-10'),
('Chilaquiles Verdes', 'Con pollo y crema', 7.80, 'Comida', TRUE, '2025-12-01'),
('Chocolate Caliente', 'Con leche', 3.50, 'Bebida', TRUE, '2025-12-02'),
('Tamal de Elote', 'Dulce', 2.80, 'Comida', TRUE, '2025-12-03'),
('Cerveza Pilsener', 'Botella 355ml', 4.90, 'Bebida', TRUE, '2025-12-04'),
('Molletes', 'Pan con frijoles y queso', 5.00, 'Comida', TRUE, '2025-12-05'),
('Refresco de Uva', 'Botella 600ml', 2.60, 'Bebida', TRUE, '2025-12-06'),
('Hot Dog', 'Con mostaza y ketchup', 4.20, 'Comida', TRUE, '2025-12-07'),
('Té Verde', 'Taza caliente', 2.30, 'Bebida', TRUE, '2025-12-08'),
('Quesadilla', 'Con queso Oaxaca', 5.50, 'Comida', TRUE, '2025-12-09'),
('Refresco de Cola', 'Botella 600ml', 2.50, 'Bebida', TRUE, '2025-12-10');

--TABLA RESERVA
INSERT INTO reserva (id_cliente, id_mesa, fecha_reservada, turno, personas, estado_reserva, created_at) VALUES
(1, 1, '2025-10-01', 'Tarde', 2, 'Confirmada', '2025-10-01'),
(2, 2, '2025-10-02', 'Noche', 4, 'Pendiente', '2025-10-02'),
(3, 3, '2025-10-03', 'Tarde', 3, 'Completada', '2025-10-03'),
(4, 4, '2025-10-04', 'Noche', 5, 'Cancelada', '2025-10-04'),
(5, 5, '2025-10-05', 'Tarde', 2, 'Confirmada', '2025-10-05'),
(6, 6, '2025-10-06', 'Noche', 6, 'Pendiente', '2025-10-06'),
(7, 7, '2025-10-07', 'Tarde', 4, 'Completada', '2025-10-07'),
(8, 8, '2025-10-08', 'Noche', 2, 'Cancelada', '2025-10-08'),
(9, 9, '2025-10-09', 'Tarde', 3, 'Confirmada', '2025-10-09'),
(10, 10, '2025-10-10', 'Noche', 5, 'Pendiente', '2025-10-10'),
(11, 11, '2025-11-01', 'Tarde', 2, 'Completada', '2025-11-01'),
(12, 12, '2025-11-02', 'Noche', 4, 'Cancelada', '2025-11-02'),
(13, 13, '2025-11-03', 'Tarde', 3, 'Confirmada', '2025-11-03'),
(14, 14, '2025-11-04', 'Noche', 5, 'Pendiente', '2025-11-04'),
(15, 15, '2025-11-05', 'Tarde', 2, 'Completada', '2025-11-05'),
(16, 16, '2025-11-06', 'Noche', 6, 'Cancelada', '2025-11-06'),
(17, 17, '2025-11-07', 'Tarde', 4, 'Confirmada', '2025-11-07'),
(18, 18, '2025-11-08', 'Noche', 2, 'Pendiente', '2025-11-08'),
(19, 19, '2025-11-09', 'Tarde', 3, 'Completada', '2025-11-09'),
(20, 20, '2025-11-10', 'Noche', 5, 'Cancelada', '2025-11-10'),
(21, 21, '2025-12-01', 'Tarde', 2, 'Confirmada', '2025-12-01'),
(22, 22, '2025-12-02', 'Noche', 4, 'Pendiente', '2025-12-02'),
(23, 23, '2025-12-03', 'Tarde', 3, 'Completada', '2025-12-03'),
(24, 24, '2025-12-04', 'Noche', 5, 'Cancelada', '2025-12-04'),
(25, 25, '2025-12-05', 'Tarde', 2, 'Confirmada', '2025-12-05'),
(26, 26, '2025-12-06', 'Noche', 6, 'Pendiente', '2025-12-06'),
(27, 27, '2025-12-07', 'Tarde', 4, 'Completada', '2025-12-07'),
(28, 28, '2025-12-08', 'Noche', 2, 'Cancelada', '2025-12-08'),
(29, 29, '2025-12-09', 'Tarde', 3, 'Confirmada', '2025-12-09'),
(30, 30, '2025-12-10', 'Noche', 5, 'Pendiente', '2025-12-10');

--TABLA PEDIDO
INSERT INTO pedido (id_cliente, id_empleado, id_mesa, fecha_hora, estado_pedido, created_at) VALUES
(1, 6, 1, '2025-10-01 13:00', 'Pendiente', '2025-10-01'),
(2, 6, 2, '2025-10-02 13:05', 'En Proceso', '2025-10-02'),
(3, 7, 3, '2025-10-03 13:10', 'Listo para Servir', '2025-10-03'),
(4, 7, 4, '2025-10-04 13:15', 'Servido', '2025-10-04'),
(5, 7, 5, '2025-10-05 13:20', 'Cancelado', '2025-10-05'),
(6, 8, 6, '2025-10-06 13:25', 'Pendiente', '2025-10-06'),
(7, 8, 7, '2025-10-07 13:30', 'En Proceso', '2025-10-07'),
(8, 9, 8, '2025-10-08 13:35', 'Listo para Servir', '2025-10-08'),
(9, 9, 9, '2025-10-09 13:40', 'Servido', '2025-10-09'),
(10, 9, 10, '2025-10-10 13:45', 'Cancelado', '2025-10-10'),
(11, 10, 11, '2025-11-01 13:00', 'Pendiente', '2025-11-01'),
(12, 12, 12, '2025-11-02 13:05', 'En Proceso', '2025-11-02'),
(13, 13, 13, '2025-11-03 13:10', 'Listo para Servir', '2025-11-03'),
(14, 14, 14, '2025-11-04 13:15', 'Servido', '2025-11-04'),
(15, 15, 15, '2025-11-05 13:20', 'Cancelado', '2025-11-05'),
(16, 16, 16, '2025-11-06 13:25', 'Pendiente', '2025-11-06'),
(17, 17, 17, '2025-11-07 13:30', 'En Proceso', '2025-11-07'),
(18, 18, 18, '2025-11-08 13:35', 'Listo para Servir', '2025-11-08'),
(19, 19, 19, '2025-11-09 13:40', 'Servido', '2025-11-09'),
(20, 20, 20, '2025-11-10 13:45', 'Cancelado', '2025-11-10'),
(21, 20, 21, '2025-12-01 13:00', 'Pendiente', '2025-12-01'),
(22, 19, 22, '2025-12-02 13:05', 'En Proceso', '2025-12-02'),
(23, 13, 23, '2025-12-03 13:10', 'Listo para Servir', '2025-12-03'),
(24, 14, 24, '2025-12-04 13:15', 'Servido', '2025-12-04'),
(25, 15, 25, '2025-12-05 13:20', 'Cancelado', '2025-12-05'),
(26, 16, 26, '2025-12-06 13:25', 'Pendiente', '2025-12-06'),
(27, 17, 27, '2025-12-07 13:30', 'En Proceso', '2025-12-07'),
(28, 18, 28, '2025-12-08 13:40', 'Listo para Servir', '2025-12-08'),
(29, 19, 29, '2025-12-07 13:30', 'En Proceso', '2025-12-07'),
(30, 20, 30, '2025-12-08 13:50', 'Listo para Servir', '2025-12-08');

--TABLA CONSUMO
INSERT INTO consumo (id_pedido, id_producto, cantidad, precio_unitario) VALUES
(1, 1, 2, 8.50),
(2, 2, 1, 9.75),
(3, 3, 3, 2.50),
(4, 4, 1, 7.25),
(5, 5, 2, 1.75),
(6, 6, 2, 6.50),
(7, 7, 1, 3.00),
(8, 8, 2, 5.25),
(9, 9, 1, 2.00),
(10, 10, 2, 4.50),
(11, 11, 1, 9.00),
(12, 12, 2, 2.25),
(13, 13, 1, 3.75),
(14, 14, 2, 2.50),
(15, 15, 1, 6.00),
(16, 16, 2, 4.25),
(17, 17, 1, 3.00),
(18, 18, 2, 2.75),
(19, 19, 1, 10.00),
(20, 20, 2, 1.90),
(21, 21, 1, 7.80),
(22, 22, 2, 3.50),
(23, 23, 1, 2.80),
(24, 24, 2, 4.90),
(25, 25, 1, 5.00),
(26, 26, 2, 2.60),
(27, 27, 1, 4.20),
(28, 28, 2, 2.30),
(29, 29, 1, 5.50),
(30, 30, 2, 2.50);

--TABLA FACTURA
INSERT INTO factura (id_pedido, subtotal, descuento, propina, impuestos, total, estado_factura, created_at) VALUES
(1, 17.00, 0.00, 2.00, 1.50, 20.50, 'Pagada', '2025-10-01'),
(2, 9.75, 1.00, 1.50, 0.75, 11.00, 'Pendiente de Pago', '2025-10-02'),
(3, 7.50, 0.00, 1.00, 0.50, 9.00, 'Anulada', '2025-10-03'),
(4, 7.25, 0.50, 1.00, 0.75, 8.50, 'Pagada', '2025-10-04'),
(5, 3.50, NULL, 0.50, 0.25, 4.25, 'Pendiente de Pago', '2025-10-05'),
(6, 6.50, 0.00, 1.00, 0.50, 8.00, 'Pagada', '2025-10-06'),
(7, 3.00, NULL, 0.50, 0.25, 3.75, 'Pagada', '2025-10-07'),
(8, 5.25, 0.25, 0.75, 0.50, 6.25, 'Pendiente de Pago', '2025-10-08'),
(9, 2.00, NULL, 0.25, 0.15, 2.40, 'Pagada', '2025-10-09'),
(10, 4.50, 0.50, 0.75, 0.40, 5.15, 'Anulada', '2025-10-10'),
(11, 9.00, 1.00, 1.50, 0.75, 10.25, 'Pagada', '2025-11-01'),
(12, 2.25, NULL, 0.25, 0.15, 2.65, 'Pendiente de Pago', '2025-11-02'),
(13, 3.75, 0.25, 0.50, 0.30, 4.30, 'Pagada', '2025-11-03'),
(14, 2.50, NULL, 0.25, 0.15, 2.90, 'Pagada', '2025-11-04'),
(15, 6.00, 0.50, 1.00, 0.60, 7.10, 'Pendiente de Pago', '2025-11-05'),
(16, 4.25, NULL, 0.50, 0.30, 5.05, 'Pagada', '2025-11-06'),
(17, 3.00, 0.25, 0.50, 0.20, 3.45, 'Pagada', '2025-11-07'),
(18, 2.75, NULL, 0.25, 0.15, 3.15, 'Pendiente de Pago', '2025-11-08'),
(19, 10.00, 1.00, 1.50, 0.75, 11.25, 'Pagada', '2025-11-09'),
(20, 1.90, NULL, 0.25, 0.10, 2.25, 'Anulada', '2025-11-10'),
(21, 7.80, 0.50, 1.00, 0.60, 8.90, 'Pagada', '2025-12-01'),
(22, 3.50, NULL, 0.50, 0.25, 4.25, 'Pendiente de Pago', '2025-12-02'),
(23, 2.80, 0.25, 0.50, 0.20, 3.25, 'Pagada', '2025-12-03'),
(24, 4.90, NULL, 0.75, 0.40, 6.05, 'Pagada', '2025-12-04'),
(25, 5.00, 0.50, 0.75, 0.35, 5.60, 'Pendiente de Pago', '2025-12-05'),
(26, 2.60, NULL, 0.25, 0.15, 3.00, 'Pagada', '2025-12-06'),
(27, 4.20, 0.25, 0.50, 0.30, 4.75, 'Pagada', '2025-12-07'),
(28, 2.30, NULL, 0.25, 0.15, 2.70, 'Pendiente de Pago', '2025-12-08'),
(29, 5.50, 0.50, 0.75, 0.40, 6.15, 'Pagada', '2025-12-09'),
(30, 2.50, NULL, 0.25, 0.15, 2.90, 'Anulada', '2025-12-10');

--TABLA PAGO
INSERT INTO pago (id_factura, monto, metodo_pago, fecha_pago, refecencia) VALUES
(1, 20.50, 'Efectivo', '2025-10-01', 'REF001'),
(2, 11.00, 'Tarjeta', '2025-10-02', 'REF002'),
(3, 9.00, 'Bitcoin', '2025-10-03', 'REF003'),
(4, 8.50, 'Efectivo', '2025-10-04', 'REF004'),
(5, 4.25, 'Tarjeta', '2025-10-05', 'REF005'),
(6, 8.00, 'Bitcoin', '2025-10-06', 'REF006'),
(7, 3.75, 'Efectivo', '2025-10-07', 'REF007'),
(8, 6.25, 'Tarjeta', '2025-10-08', 'REF008'),
(9, 2.40, 'Bitcoin', '2025-10-09', 'REF009'),
(10, 5.15, 'Efectivo', '2025-10-10', 'REF010'),
(11, 10.25, 'Tarjeta', '2025-11-01', 'REF011'),
(12, 2.65, 'Bitcoin', '2025-11-02', 'REF012'),
(13, 4.30, 'Efectivo', '2025-11-03', 'REF013'),
(14, 2.90, 'Tarjeta', '2025-11-04', 'REF014'),
(15, 7.10, 'Bitcoin', '2025-11-05', 'REF015'),
(16, 5.05, 'Efectivo', '2025-11-06', 'REF016'),
(17, 3.45, 'Tarjeta', '2025-11-07', 'REF017'),
(18, 3.15, 'Bitcoin', '2025-11-08', 'REF018'),
(19, 11.25, 'Efectivo', '2025-11-09', 'REF019'),
(20, 2.25, 'Tarjeta', '2025-11-10', 'REF020'),
(21, 8.90, 'Bitcoin', '2025-12-01', 'REF021'),
(22, 4.25, 'Efectivo', '2025-12-02', 'REF022'),
(23, 3.25, 'Tarjeta', '2025-12-03', 'REF023'),
(24, 6.05, 'Bitcoin', '2025-12-04', 'REF024'),
(25, 5.60, 'Efectivo', '2025-12-05', 'REF025'),
(26, 3.00, 'Tarjeta', '2025-12-06', 'REF026'),
(27, 4.75, 'Bitcoin', '2025-12-07', 'REF027'),
(28, 2.70, 'Efectivo', '2025-12-08', 'REF028'),
(29, 6.15, 'Tarjeta', '2025-12-09', 'REF029'),
(30, 2.90, 'Bitcoin', '2025-12-10', 'REF030');

--TABLA CIERRA_CAJA
INSERT INTO cierra_caja (id_empleado, fecha_cierre, total_ventas, observaciones) VALUES
(15, '2025-10-01 22:00', 1050.75, 'Cierre sin incidencias'),
(16, '2025-10-02 22:00', 980.50, 'Cierre con retraso en pagos'),
(17, '2025-10-03 22:00', 1125.00, 'Cierre normal'),
(15, '2025-10-04 22:00', 875.25, 'Cierre parcial por mantenimiento'),
(16, '2025-10-05 22:00', 1340.60, 'Cierre con alta demanda'),
(17, '2025-10-06 22:00', 990.00, 'Cierre sin novedades'),
(15, '2025-10-07 22:00', 1025.30, 'Cierre con ajuste de caja'),
(16, '2025-10-08 22:00', 1100.00, 'Cierre completo'),
(17, '2025-10-09 22:00', 950.45, 'Cierre con devolución registrada'),
(15, '2025-10-10 22:00', 1205.80, 'Cierre exitoso'),
(16, '2025-11-01 22:00', 1080.00, 'Cierre sin incidencias'),
(17, '2025-11-02 22:00', 995.75, 'Cierre con retraso en pagos'),
(15, '2025-11-03 22:00', 1135.20, 'Cierre normal'),
(16, '2025-11-04 22:00', 890.60, 'Cierre parcial por mantenimiento'),
(17, '2025-11-05 22:00', 1390.00, 'Cierre con alta demanda'),
(15, '2025-11-06 22:00', 1010.40, 'Cierre sin novedades'),
(16, '2025-11-07 22:00', 1045.00, 'Cierre con ajuste de caja'),
(17, '2025-11-08 22:00', 1115.90, 'Cierre completo'),
(15, '2025-11-09 22:00', 960.25, 'Cierre con devolución registrada'),
(16, '2025-11-10 22:00', 1220.00, 'Cierre exitoso'),
(17, '2025-12-01 22:00', 1095.50, 'Cierre sin incidencias'),
(15, '2025-12-02 22:00', 1005.00, 'Cierre con retraso en pagos'),
(16, '2025-12-03 22:00', 1140.75, 'Cierre normal'),
(17, '2025-12-04 22:00', 905.30, 'Cierre parcial por mantenimiento'),
(15, '2025-12-05 22:00', 1405.90, 'Cierre con alta demanda'),
(16, '2025-12-06 22:00', 1020.00, 'Cierre sin novedades'),
(17, '2025-12-07 22:00', 1060.60, 'Cierre con ajuste de caja'),
(15, '2025-12-08 22:00', 1125.00, 'Cierre completo'),
(16, '2025-12-09 22:00', 970.80, 'Cierre con devolución registrada'),
(17, '2025-12-10 22:00', 1235.25, 'Cierre exitoso');

